{
  "scriptFile": "__init__.py",
  "bindings": [
    {
      "authLevel": "anonymous",
      "type": "httpTrigger",
      "direction": "in",
      "name": "req",
      "methods": [
        "get",
        "post"
      ]
    },
    {
      "type": "http",
      "direction": "out",
      "name": "$return"
    },
    {
      "name": "outputblob",
      "type": "blob",
      "dataType": "binary",
      "path": "data/{rand-guid}.json",
      "connection": "MyStorageConnectionAppSetting",
      "direction": "out"
    }
  ]
}
